{
    "geometries": [{
        "materials": [{
            "DbgName": "ffffff",
            "colorEmissive": [0,0,0],
            "shading": "phong",
            "colorDiffuse": [1,1,1],
            "colorAmbient": [1,1,1],
            "visible": true,
            "transparent": false,
            "DbgIndex": 0,
            "colorSpecular": [0.001176,0.001176,0.001176],
            "specularCoef": 50,
            "opacity": 1,
            "depthWrite": true,
            "wireframe": false,
            "DbgColor": 15658734,
            "depthTest": true,
            "blending": "NormalBlending"
        }],
        "data": {
            "vertices": [0.5,-0.5,0.5,0.5,0.5,0.5,0.625282,-0.625282,-0.5,0.649229,0.625282,-0.5,-0.5,0.5,0.5,-0.5,-0.5,0.5,-0.649229,0.625282,-0.5,-0.625282,-0.625282,-0.5],
            "animations": [],
            "skinIndices": [],
            "uvs": [[0,1,0,0,1,0,1,1]],
            "skinWeights": [],
            "normals": [0.537522,-0.544084,0.644215,0.604694,-0.611072,-0.510758,0.616474,0.601947,-0.507492,0.538285,0.540971,0.646199,-0.538285,0.540971,0.646199,-0.616474,0.601947,-0.507492,-0.604694,-0.611072,-0.510758,-0.537522,-0.544084,0.644215],
            "name": "BoxGeometry",
            "influencesPerVertex": 2,
            "bones": [],
            "metadata": {
                "materials": 1,
                "version": 3,
                "morphTargets": 0,
                "vertices": 8,
                "normals": 8,
                "generator": "io_three",
                "bones": 0,
                "uvs": 1,
                "faces": 6
            },
            "faces": [43,0,2,3,1,0,0,1,2,3,0,1,2,3,43,4,6,7,5,0,0,1,2,3,4,5,6,7,43,0,1,4,5,0,2,3,0,1,0,3,4,7,43,7,6,3,2,0,0,1,2,3,6,5,2,1,43,2,0,5,7,0,2,3,0,1,1,0,7,6,43,1,3,6,4,0,0,1,2,3,3,2,5,4],
            "morphTargets": []
        },
        "type": "Geometry",
        "uuid": "15641190-4052-3871-BF5E-F046F6B1B496"
    },{
        "materials": [{
            "DbgName": "ffffff",
            "colorEmissive": [0,0,0],
            "shading": "phong",
            "colorDiffuse": [1,1,1],
            "colorAmbient": [1,1,1],
            "visible": true,
            "transparent": false,
            "DbgIndex": 0,
            "colorSpecular": [0.001176,0.001176,0.001176],
            "specularCoef": 50,
            "opacity": 1,
            "depthWrite": true,
            "wireframe": false,
            "DbgColor": 15658734,
            "depthTest": true,
            "blending": "NormalBlending"
        }],
        "data": {
            "vertices": [-2,2,0,2,2,0,-2,-2,-0,2,-2,-0],
            "animations": [],
            "skinIndices": [],
            "uvs": [[0,1,0,0,1,0,1,1]],
            "skinWeights": [],
            "normals": [0,0,1],
            "name": "Plane1Geometry",
            "influencesPerVertex": 2,
            "bones": [],
            "metadata": {
                "materials": 1,
                "version": 3,
                "morphTargets": 0,
                "vertices": 4,
                "normals": 1,
                "generator": "io_three",
                "bones": 0,
                "uvs": 1,
                "faces": 1
            },
            "faces": [43,0,2,3,1,0,0,1,2,3,0,0,0,0],
            "morphTargets": []
        },
        "type": "Geometry",
        "uuid": "F379AE98-C06B-3C1B-9C01-43C9DBB0E829"
    },{
        "materials": [{
            "DbgName": "ffffff",
            "colorEmissive": [0,0,0],
            "shading": "phong",
            "colorDiffuse": [1,1,1],
            "colorAmbient": [1,1,1],
            "visible": true,
            "transparent": false,
            "DbgIndex": 0,
            "colorSpecular": [0.001176,0.001176,0.001176],
            "specularCoef": 50,
            "opacity": 1,
            "depthWrite": true,
            "wireframe": false,
            "DbgColor": 15658734,
            "depthTest": true,
            "blending": "NormalBlending"
        }],
        "data": {
            "vertices": [-2,2,0,2,2,0,-2,-2,-0,2,-2,-0],
            "animations": [],
            "skinIndices": [],
            "uvs": [[0,1,0,0,1,0,1,1]],
            "skinWeights": [],
            "normals": [0,0,1],
            "name": "PlaneGeometry",
            "influencesPerVertex": 2,
            "bones": [],
            "metadata": {
                "materials": 1,
                "version": 3,
                "morphTargets": 0,
                "vertices": 4,
                "normals": 1,
                "generator": "io_three",
                "bones": 0,
                "uvs": 1,
                "faces": 1
            },
            "faces": [43,0,2,3,1,0,0,1,2,3,0,0,0,0],
            "morphTargets": []
        },
        "type": "Geometry",
        "uuid": "FDA35051-77AC-3FCF-B642-34C990EA7344"
    }],
    "textures": [],
    "images": [],
    "object": {
        "children": [{
            "name": "Group",
            "uuid": "B7F11870-172E-3FA2-A158-B968FBF8994B",
            "matrix": [-4.0859,0,0,0,0,0,4.0859,0,0,4.337,0,0,0,2.9712,0,1],
            "visible": true,
            "type": "Object",
            "children": [{
                "name": "Box",
                "uuid": "DDA9AE26-14F9-3E6A-9BDD-AF02F6D2F286",
                "matrix": [8.4162,0,0,0,0,8.4162,0,0,0,0,1,0,0,0,-0.2612,1],
                "visible": true,
                "type": "Mesh",
                "material": "A05C207B-E3D1-3023-96B3-1D1FFEA34A95",
                "castShadow": true,
                "receiveShadow": true,
                "geometry": "15641190-4052-3871-BF5E-F046F6B1B496"
            },{
                "name": "Plane",
                "uuid": "631279BD-3DB0-34E6-BE17-B19991DEF360",
                "matrix": [2.0355,0,0,0,0,2.0355,0,0,0,0,1,0,0,0,0.2612,1],
                "visible": true,
                "type": "Mesh",
                "material": "A05C207B-E3D1-3023-96B3-1D1FFEA34A95",
                "castShadow": true,
                "receiveShadow": true,
                "geometry": "FDA35051-77AC-3FCF-B642-34C990EA7344"
            }]
        },{
            "name": "Plane1",
            "uuid": "D5211B8C-258D-3868-A8EA-36AE03B6C111",
            "matrix": [-8.805,0,0,0,0,0,8.805,0,0,1,0,0,0,4.0418,0,1],
            "visible": true,
            "type": "Mesh",
            "material": "A05C207B-E3D1-3023-96B3-1D1FFEA34A95",
            "castShadow": true,
            "receiveShadow": true,
            "geometry": "F379AE98-C06B-3C1B-9C01-43C9DBB0E829"
        }],
        "type": "Scene",
        "matrix": [1,0,0,0,0,1,0,0,0,0,1,0,0,0,0,1],
        "uuid": "22196DF2-8B2C-495E-85F4-6FF8C3C15775"
    },
    "materials": [{
        "ambient": 16777215,
        "vertexColors": false,
        "type": "MeshPhongMaterial",
        "depthWrite": true,
        "emissive": 0,
        "name": "ffffff",
        "depthTest": true,
        "color": 16777215,
        "uuid": "A05C207B-E3D1-3023-96B3-1D1FFEA34A95",
        "specular": 0,
        "shininess": 50,
        "blending": "NormalBlending"
    }],
    "animations": [{
        "fps": 29,
        "name": "default",
        "tracks": []
    }],
    "metadata": {
        "generator": "io_three",
        "version": 4.4,
        "type": "Object"
    }
}